Workbook

Sheet CERTIFICADO
E1: CERTIFICADO DE CALIBRACIÓN EN LÍNEA DE VÁLVULA DE SEGURIDAD CON EQUIPO VST
E3: CÓDIGO | G3: OYS-FO-44 | I3: VERSIÓN | K3: 08 | L3: FECHA | N3: 46008
B4: SECCIÓN 1. INFORMACIÓN DEL LABORATORIO
C6: MÉTODO UTILIZADO: | E6: ASME PTC 25 - MÉTODO INDIRECTO | I6: FECHA DE RECEPCIÓN:
C8: LUGAR DE PRUEBA: | I8: FECHA DE CALIBRACIÓN: | R8: LABORATORIO VALSER
R9: INSTALACIONES DEL CLIENTE
C10: NÚMERO DE CERTIFICADO: | E10: CAL- | I10: FECHA DE EMISIÓN:
B12: SECCIÓN 2. INFORMACIÓN DEL CLIENTE
C14: CLIENTE: | G14: CONTACTO: | K14: CORREO:
B16: SECCIÓN 3. INFORMACIÓN VÁLVULA DE SEGURIDAD
C18: LOCALIZACIÓN: | J18: TAG: | L18: Nº PRECINTO:
C20: MARCA: | F20: TAMAÑO: | J20: CONEXIÓN ENTxSAL:
C22: MODELO: | F22: Nº SERIE: | J22: PRESIÓN CALIBRACIÓN: | N22: psi
T23: CELDAS DE CARGA | AC23: TRANSMISORES
C24: DIÁMETRO INTERNO: | D24: ='CÁLCULO INCERTIDUMBRE'!$F$24 -> 0 | E24: mm DIÁMETRO EXTERNO: | G24: ='CÁLCULO INCERTIDUMBRE'!$D$24 -> 0 | J24: mm | K24: ÁREA EFECTIVA: | L24: ='CÁLCULO INCERTIDUMBRE'!$C$4 -> 0 | N24: in²
T25: EQUIPO | U25: MARCA | V25: MODELO | W25: SERIAL | X25: FECHA DE CALIBRACIÓN | Y25: RANGO | Z25: CERTIFICADO | AA25: CERTIFICADOR | AC25: EQUIPO | AD25: MARCA | AE25: MODELO | AF25: SERIAL | AG25: FECHA DE CALIBRACIÓN | AH25: RANGO | AI25: CERTIFICADO | AJ25: CERTIFICADOR
B26: SECCIÓN 4. PATRONES DE TRABAJO | T26: CEC-001 | U26: TRUMAX | V26: SA-1Klb | W26: J181015117 | X26: 45860 | Y26: (0 a 950) lb-f | Z26: 8642 | AA26: SERVINTEGRAL | AC26: TP-010 | AD26: RITHERM | AE26: 3000 | AF26: 2074023 | AG26: 45986 | AH26: (0 a 1000) psi | AI26: 13356 | AJ26: FLEXILATINA
T27: CEC-004 | U27: BBG | V27: TSC | W27: 810551 | X27: 45824 | Y27: (0 a 2200) lb-f | Z27: 8532 | AA27: SERVINTEGRAL | AC27: TP-002 | AD27: APLISENS | AE27: PCR-28 | AF27: 11121025 | AG27: 45897 | AH27: (0 a 5000) psi | AI27: 13031 | AJ27: FLEXILATINA
C28: EQUIPO | D28: MARCA | E28: MODELO | G28: SERIAL | H28: CALIBRADO POR | K28: RANGO | L28: FECHA CALIBRACIÓN | N28: N° DE CERTIFICADO | Q28: CELDA DE CARGA USADA | R28: CEC-005 | T28: CEC-003 | U28: TRUMAX | V28: SC-5Klb | W28: M190927007 | X28: 45824 | Y28: (0 a 5000) lb-f | Z28: 8533 | AA28: SERVINTEGRAL | AC28: TP-004 | AD28: DANFOSS | AE28: MBS3000 | AF28: 92833390 | AG28: 45919 | AH28: (0 a 145) psi | AI28: 13098 | AJ28: FLEXILATINA
C29: CELDA DE CARGA | D29: =IF($R$28="CEC-004",U27,IF($R$28="CEC-003",U28,IF($R$28="CEC-005",U29,IF($R$28="CEC-007",U31,IF($R$28="CEC-001",U26,U30))))) -> TRUMAX | E29: =IF($R$28="CEC-004",V27,IF($R$28="CEC-003",V28,IF($R$28="CEC-005",V29,IF($R$28="CEC-007",V31,IF($R$28="CEC-001",V26,V30))))) -> SC-2.5Klb | G29: =IF($R$28="CEC-004",W27,IF($R$28="CEC-003",W28,IF($R$28="CEC-005",W29,IF($R$28="CEC-007",W31,IF($R$28="CEC-001",W26,W30))))) -> 2301129900 | H29: =IF($R$28="CEC-004",AA27,IF($R$28="CEC-003",AA28,IF($R$28="CEC-005",AA29,IF($R$28="CEC-007",AA31,IF($R$28="CEC-001",AA26,AA30))))) -> SERVINTEGRAL | K29: =IF($R$28="CEC-004",Y27,IF($R$28="CEC-003",Y28,IF($R$28="CEC-005",Y29,IF($R$28="CEC-007",Y31,IF($R$28="CEC-001",Y26,Y30))))) -> (0 a 2500) lb-f | L29: =IF($R$28="CEC-004",X27,IF($R$28="CEC-003",X28,IF($R$28="CEC-005",X29,IF($R$28="CEC-007",X31,IF($R$28="CEC-001",X26,X30))))) -> 45786 | N29: =IF($R$28="CEC-004",Z27,IF($R$28="CEC-003",Z28,IF($R$28="CEC-005",Z29,IF($R$28="CEC-007",Z31,IF($R$28="CEC-001",Z26,Z30))))) -> 8472 | T29: CEC-005 | U29: TRUMAX | V29: SC-2.5Klb | W29: 2301129900 | X29: 45786 | Y29: (0 a 2500) lb-f | Z29: 8472 | AA29: SERVINTEGRAL | AC29: TP-008 | AD29: DANFOSS | AE29: MBS3000 | AF29: 051950519282 | AG29: 45901 | AH29: (0 a 870) psi | AI29: 13029 | AJ29: FLEXILATINA
C30: TRANSMISOR DE PRESIÓN | D30: =IF($R$31="TP-010",AD26,IF($R$31="TP-002",AD27,IF($R$31="TP-004",AD28,IF($R$31="TP-009",AD30,AD29)))) -> DANFOSS | E30: =IF($R$31="TP-010",AE26,IF($R$31="TP-002",AE27,IF($R$31="TP-004",AE28,IF($R$31="TP-009",AE30,AE29)))) -> MBS3000 | G30: =IF($R$31="TP-010",AF26,IF($R$31="TP-002",AF27,IF($R$31="TP-004",AF28,IF($R$31="TP-009",AF30,AF29)))) -> 20275210 | H30: =IF($R$31="TP-010",AJ26,IF($R$31="TP-002",AJ27,IF($R$31="TP-004",AJ28,IF($R$31="TP-009",AJ30,AJ29)))) -> FLEXILATINA | K30: =IF($R$31="TP-010",AH26,IF($R$31="TP-002",AH27,IF($R$31="TP-004",AH28,IF($R$31="TP-009",AH30,AH29)))) -> (0 a 3625) psi | L30: =IF($R$31="TP-010",AG26,IF($R$31="TP-002",AG27,IF($R$31="TP-004",AG28,IF($R$31="TP-009",AG30,AG29)))) -> 45897 | N30: =IF($R$31="TP-010",AI26,IF($R$31="TP-002",AI27,IF($R$31="TP-004",AI28,IF($R$31="TP-009",AI30,AI29)))) -> 13030 | T30: CEC-006 | U30: TEK | V30: 516 2T | W30: 17080195 | X30: 45824 | Y30: (0 a 4400) lb-f | Z30: 8531 | AA30: SERVINTEGRAL | AC30: TP-009 | AD30: DANFOSS | AE30: MBS3000 | AF30: 20275210 | AG30: 45897 | AH30: (0 a 3625) psi | AI30: 13030 | AJ30: FLEXILATINA
C31: TERMOHIGRÓMETRO | D31: =IF(R37="TESTO",U35,U37) -> TESTO | E31: =IF(R37="TESTO",V35,V37) -> 622 | G31: =IF(R37="TESTO",W35,W37) -> 39536692/0323 | H31: =IF(R37="TESTO",AA35,AA37) -> VALMET L&M | K31: =IF(R37="TESTO",Y35,Y37) -> (-20 a 60) °C / (0 a 100) %hr | L31: =IF(R37="TESTO",X35,X37) -> 45695 | N31: =IF(R37="TESTO",Z35,Z37) -> HR-4914-25 / TE-8606-25 | Q31: TRANSMISOR USADO | R31: TP-009 | T31: CEC-007 | U31: TRUMAX | V31: SG-5T | W31: 2309210270 | X31: 46006 | Y31: (0 a 9920) lb-f | Z31: 8950 | AA31: SERVINTEGRAL
H32: =IF(R37="TESTO",AA36,AA38) -> METROLABOR | K32: =IF(R37="TESTO",Y36,Y38) -> (300 a 1200) hPa | L32: =IF(R37="TESTO",X36,X38) -> 45793 | N32: =IF(R37="TESTO",Z36,Z38) -> MET-LP-CC 12662
C33: PIE DE REY | D33: =IF(R34="INSIZE",AD35,AD36) -> INSIZE | E33: =IF(R34="INSIZE",AE35,AE36) -> 1108-200 | G33: =IF(R34="INSIZE",AF35,AF36) -> 1212181369 | H33: =IF($R$34="INSIZE",AJ35,AJ36) -> METROTEST | K33: =IF(R34="INSIZE",AH35,AH36) -> (0 a 200) mm | L33: =IF($R$34="INSIZE",AG35,AG36) -> 45796 | N33: =IF($R$34="INSIZE",AI35,AI36) -> CD-10088 | U33: TERMOHIGROMETRO | AC33: PIE DE REY
C34: CINTA MÉTRICA | D34: =AD41 -> TRUPER | E34: =AE41 -> FH-5M | G34: =AF41 -> UK 0126 0022 | H34: =AJ41 -> METROTEST | K34: =AH41 -> (0 a 5) m | L34: =AG41 -> 45796 | N34: =AI41 -> CD-10090 | Q34: PIE DE REY USADO | R34: INSIZE | U34: MARCA | V34: MODELO | W34: SERIAL | X34: FECHA DE CALIBRACIÓN | Y34: RANGO | Z34: CERTIFICADO | AA34: CERTIFICADOR | AC34: EQUIPO | AD34: MARCA | AE34: MODELO | AF34: SERIAL | AG34: FECHA DE CALIBRACIÓN | AH34: RANGO | AI34: CERTIFICADO | AJ34: CERTIFICADOR
U35: TESTO | V35: 622 | W35: 39536692/0323 | X35: 45695 | Y35: (-20 a 60) °C / (0 a 100) %hr | Z35: HR-4914-25 / TE-8606-25 | AA35: VALMET L&M | AC35: PDR-001 | AD35: INSIZE | AE35: 1108-200 | AF35: 1212181369 | AG35: 45796 | AH35: (0 a 200) mm | AI35: CD-10088 | AJ35: METROTEST
C36: Nota: Las mediciones realizadas por VALSER S.A.S son trazables metrológicamente al SI a través de laboratorios de calibración acreditados por organismos de acreditación firmantes de acuerdos de reconocimiento mutuo | X36: 45793 | Y36: (300 a 1200) hPa | Z36: MET-LP-CC 12662 | AA36: METROLABOR | AC36: PDR-002 | AD36: MITUTOYO | AE36: CD-6" CSX-B | AF36: BH010822 | AG36: 45796 | AH36: (0 a 150) mm | AI36: CD-10089 | AJ36: METROTEST
Q37: TERMOHIGROMETRO USADO | R37: TESTO | U37: KEX GERMANY | V37: SH-172 | W37: 50898 | X37: 45798 | Y37: (10 a 90) %hr | Z37: HR-28703 | AA37: FYH
X38: 45798 | Y38: (-50 a 70) °C | Z38: TA-28702 | AA38: FYH
B39: SECCIÓN 5. INFORMACIÓN DE FUNCIONAMIENTO | AC39: FLEXÓMETRO
AC40: EQUIPO | AD40: MARCA | AE40: MODELO | AF40: SERIAL | AG40: FECHA DE CALIBRACIÓN | AH40: RANGO | AI40: CERTIFICADO | AJ40: CERTIFICADOR
C41: SELLADO: | F41: NORMA APLICABLE: | L41: ERROR MÁXIMO: | N41: =IF(AND(H41="ASME I",AND(L22>15,L22<=70)),T43,IF(AND(H41="ASME I",AND(L22>70,L22<=300)),T44,IF(AND(H41="ASME I",AND(L22>300,L22<=1000)),T45,IF(AND(H41="ASME I",L22>1000),T46,IF(AND(H41="ASME VIII",AND(L22>15,L22<=70)),V43,IF(AND(H41="ASME VIII",L22>70),V44,"-")))))) -> - | Q41: SÍ | R41: ASME I | S41: ASME I | U41: ASME VIII | W41: VAPOR | AC41: FLX-001 | AD41: TRUPER | AE41: FH-5M | AF41: UK 0126 0022 | AG41: 45796 | AH41: (0 a 5) m | AI41: CD-10090 | AJ41: METROTEST
C42: REQUIERE AJUSTE: | F42: VALOR ANTES DE AJUSTE: | K42: =N22 -> psi | L42: FLUIDO DE PRUEBA: | Q42: NO | R42: ASME VIII | S42: RANGO PRESIÓN | T42: TOLERANCIA | U42: RANGO PRESIÓN | V42: TOLERANCIA | W42: NITRÓGENO
S43: 15-70 | T43: ± 2 psi | U43: 15 - 70 PSI | V43: ± 2 psi
B44: SECCIÓN 6: CONDICIONES AMBIENTALES REGISTRADAS | S44: 70-300 | T44: ± 3% DEL SET | U44: 70-3000 | V44: ± 3% DEL SET
S45: 300-1000 | T45: ± 10 psi
F46: MÍNIMA | J46: MÁXIMA | L46: UNIDADES | S46: 1000 | T46: ± 1% DEL SET
C47: TEMPERATURA | F47: ='DATOS INCERTIDUMBRE'!C3 -> 0 | J47: ='DATOS INCERTIDUMBRE'!E3 -> 0 | L47: °C
C48: HUMEDAD RELATIVA | F48: ='DATOS INCERTIDUMBRE'!C5 -> 0 | J48: ='DATOS INCERTIDUMBRE'!E5 -> 0 | L48: %hr
C49: PRESIÓN ATMOSFÉRICA | F49: ='DATOS INCERTIDUMBRE'!C4 -> 0 | J49: ='DATOS INCERTIDUMBRE'!E4 -> 0 | L49: hPa
B51: SECCIÓN 7: RESULTADOS DE CALIBRACIÓN
D53: Presión de escape (Simmer) | G53: Incertidumbre | I53: UNIDADES | K53: DECLARACIÓN DE CONFORMIDAD | Q53: Limite superior | R53: =IF(AND(H41="ASME I",AND(L22>=15,L22<=70)),L22+2,IF(AND(H41="ASME I",AND(L22>70,L22<=300)),L22+(L22*0.03),IF(AND(H41="ASME I",AND(L22>300,L22<=1000)),L22+10,IF(AND(H41="ASME I",L22>1000),L22+(L22*0.01),IF(AND(H41="ASME VIII",AND(L22>=15,L22<=70)),L22+2,IF(AND(H41="ASME VIII",L22>70),L22+(L22*0.03),"-")))))) -> - | S53: Incertidumbre máxima | T53: =ABS(ROUND(D54*0.01,2)) -> 0
D54: ='DATOS INCERTIDUMBRE'!D17 -> 0 | G54: =IF(AND(L22>=15,L22<=180,'CÁLCULO INCERTIDUMBRE'!C8<0.3),0.3,IF(AND(L22>180,L22<=750,'CÁLCULO INCERTIDUMBRE'!C8<1.7),1.7,IF(AND(L22>750,L22<=1290,'CÁLCULO INCERTIDUMBRE'!C8<2.5),2.5,IF(AND(L22>1290,L22<=3000,'CÁLCULO INCERTIDUMBRE'!C8<3.7),3.7,'CÁLCULO INCERTIDUMBRE'!C8)))) -> #DIV/0! | I54: =N22 -> psi | K54: =IF(AND(D54<=R53,D54>=R54,G54<=T53),"CUMPLE","NO CUMPLE") -> #DIV/0! | Q54: Limite inferior | R54: =IF(AND(H41="ASME I",AND(L22>=15,L22<=70)),L22-2,IF(AND(H41="ASME I",AND(L22>70,L22<=300)),L22-(L22*0.03),IF(AND(H41="ASME I",AND(L22>300,L22<=1000)),L22-10,IF(AND(H41="ASME I",L22>1000),L22-(L22*0.01),IF(AND(H41="ASME VIII",AND(L22>=15,L22<=70)),L22-2,IF(AND(H41="ASME VIII",L22>70),L22-(L22*0.03),"-")))))) -> -
C56: =_xlfn.CONCAT("La incertidumbre de medición expandida reportada es evaluada como la incertidumbre estándar de la medida multiplicada por un factor de cobertura k = ",R56,", con una probabilidad de cobertura aproximadamente del 95 %" ) -> #DIV/0! | Q56: k | R56: =ROUNDUP('CÁLCULO INCERTIDUMBRE'!B8,2) -> #DIV/0!
C58: =IF(H41="ASME VIII",_xlfn.CONCAT(S58,Q59,S59),_xlfn.CONCAT(S58,Q58,S59)) -> Los resultados de conformidad aplican para la presión de escape. La presión de escape no debe exceder la especificación establecida en ASME SEC. I parágrafo 72.2 de acuerdo con el set de presión tomado de la placa del fabricante. Adicionalmente, la incertidumbre de medición no debe ser mayor al ±1,0 % del valor medido, conforme a lo establecido en el numeral 1-3 de ASME PTC 25-2023. | Q58: ASME SEC. I parágrafo 72.2 | S58: Los resultados de conformidad aplican para la presión de escape. La presión de escape no debe exceder la especificación establecida en
Q59: ASME SEC VIII parágrafo UG-126 punto c | S59: de acuerdo con el set de presión tomado de la placa del fabricante. Adicionalmente, la incertidumbre de medición no debe ser mayor al ±1,0 % del valor medido, conforme a lo establecido en el numeral 1-3 de ASME PTC 25-2023.
B61: SECCIÓN 8: REPRESENTACIÓN GRÁFICA EN UNIDADES DEL EQUIPO | I61: SECCIÓN 9: GRÁFICA EMITIDA POR EL EQUIPO VST
B63: OBSERVACIONES: - Este certificado expresa fielmente el resultado de las mediciones realizadas. NO podrá ser reproducido total o parcialmente excepto cuando se haya obtenido previamente permiso por escrito de VALSER S.A.S - Los resultados del presente certificado se refieren al ítem, momento y condiciones en que se realizó la prueba, VALSER S.A.S no se responsabiliza de los perjuicios que pueda ocasionar el uso inadecuado del servicio prestado. - La presión de escape corresponde al promedio de los 3 escapes registrados durante la calibración, evidenciados en la gráfica de la sección 8. - La conversión de unidades para pasar a unidades del SI (kPa= psi * 6,894 757) esta conversión es tomada según la guía NIST SP-811 del 2008 sección B.9 - Descargo de responsabilidad ajuste válvulas de seguridad: Con la aceptación del servicio de calibración de las válvulas de seguridad, se da por entendido que se autoriza el ajuste de la válvula para dejarla al set de presión indicado en la placa del equipo de acuerdo con lo establecido en el GON-FO-04 | R63: - Descargo de responsabilidad de área efectiva: El área efectiva es calculada con base a diámetros tomados del manual del fabricante. Por lo anterior VALSER S.A.S no se hace responsable de esta información. | S63: - Descargo de responsabilidad por cambio de set de presión: Por solicitud del cliente, se realiza la calibración y ajuste a una presión diferente a la indicada en la placa del fabricante. Por lo anterior VALSER S.A.S. no se hace responsable por este cambio. | T63: - Descargo de responsabilidad por válvula sin placa de identificación: Se realiza la calibración y ajuste de la válvula de seguridad a la presión indicada por el cliente, debido a que la válvula no tiene placa del fabricante. Por lo anterior VALSER S.A.S. no se hace responsable de esta información.
B64: =+_xlfn.CONCAT("- Descargo de responsabilidad condiciones del vapor como fluido de prueba: Las condiciones de temperatura y presión ","(",'DATOS INCERTIDUMBRE'!I4," °C, ",'DATOS INCERTIDUMBRE'!I3," psi)"," del vapor son dadas por el cliente. Con esta información y haciendo uso de tablas termodinámicas, se determina la densidad del vapor. Por lo anterior VALSER S.A.S no se hace responsable de la información de temperatura y presión suministradas.") -> - Descargo de responsabilidad condiciones del vapor como fluido de prueba: Las condiciones de temperatura y presión (0 °C, 0 psi) del vapor son dadas por el cliente. Con esta información y haciendo uso de tablas termodinámicas, se determina la densidad del vapor. Por lo anterior VALSER S.A.S no se hace responsable de la información de temperatura y presión suministradas.
P65: DESCARGOS DE RESPONSABILIDAD
R69: JONATHAN GARZÓN CORTES
R70: HELIODORO PRADA GARNICA
C71: CARLOS A. SUAREZ FRANCO | G71: CAMILO A. FAJARDO HOYOS | L71: ANDRÉS F. OVALLE ORTIZ | R71: CARLOS A. SUAREZ FRANCO
C72: OPERARIO CALIBRACIÓN | G72: ELABORÓ INFORME | L72: REVISÓ Y AUTORIZÓ INFORME | R72: JULIAN C. ROMERO HUERTAS
B73: Fin del certificado | R73: CAMILO A. FAJARDO HOYOS
R74: ANDRÉS F. OVALLE ORTIZ
R75: J. ALEXANDER CASTRO
R76: BRAYAN GARCÍA

Sheet DATOS INCERTIDUMBRE
B2: Minimos | D2: Máximos | F2: Datos de prueba | H2: Datos del vapor | L2: Grafica
B3: Temperatura (°C) | C3: 0 | D3: Temperatura (°C) | E3: 0 | F3: Transmisor | G3: - | H3: Presión (psi) | I3: 0 | L3: Punto | M3: Valor | N3: Incertidumbre | O3: EMP (arriba) | P3: EMP (abajo)
B4: Presión atmosferica (hPa) | C4: 0 | D4: Presión atmosferica (hPa) | E4: 0 | F4: Celda de carga | G4: - | H4: Temperatura (°C) | I4: 0 | L4: 0 | M4: - | N4: - | O4: =CERTIFICADO!$L$22+IF(CERTIFICADO!$H$41="ASME I",IF(AND(CERTIFICADO!$L$22<=70,CERTIFICADO!$L$22>=15),2,IF(AND(CERTIFICADO!$L$22<=300,CERTIFICADO!$L$22>70),CERTIFICADO!$L$22*0.03,IF(AND(CERTIFICADO!$L$22<=1000,CERTIFICADO!$L$22>300),10,IF(CERTIFICADO!$L$22>1000,CERTIFICADO!$L$22*0.01)))),IF(AND(CERTIFICADO!$L$22<=70,CERTIFICADO!$L$22>=15),2,IF(CERTIFICADO!$L$22>70,CERTIFICADO!$L$22*0.03,0))) -> 0 | P4: =CERTIFICADO!$L$22-IF(CERTIFICADO!$H$41="ASME I",IF(AND(CERTIFICADO!$L$22<=70,CERTIFICADO!$L$22>=15),2,IF(AND(CERTIFICADO!$L$22<=300,CERTIFICADO!$L$22>70),CERTIFICADO!$L$22*0.03,IF(AND(CERTIFICADO!$L$22<=1000,CERTIFICADO!$L$22>300),10,IF(CERTIFICADO!$L$22>1000,CERTIFICADO!$L$22*0.01)))),IF(AND(CERTIFICADO!$L$22<=70,CERTIFICADO!$L$22>=15),2,IF(CERTIFICADO!$L$22>70,CERTIFICADO!$L$22*0.03,0))) -> 0
B5: Humedad relativa (%) | C5: 0 | D5: Humedad relativa (%) | E5: 0 | F5: Lugar de prueba | H5: Volumen especifico | I5: 0 | L5: 1 | M5: =D11 -> 0 | N5: ='CÁLCULO INCERTIDUMBRE'!C8 -> #DIV/0! | O5: =CERTIFICADO!$L$22+IF(CERTIFICADO!$H$41="ASME I",IF(AND(CERTIFICADO!$L$22<=70,CERTIFICADO!$L$22>=15),2,IF(AND(CERTIFICADO!$L$22<=300,CERTIFICADO!$L$22>70),CERTIFICADO!$L$22*0.03,IF(AND(CERTIFICADO!$L$22<=1000,CERTIFICADO!$L$22>300),10,IF(CERTIFICADO!$L$22>1000,CERTIFICADO!$L$22*0.01)))),IF(AND(CERTIFICADO!$L$22<=70,CERTIFICADO!$L$22>=15),2,IF(CERTIFICADO!$L$22>70,CERTIFICADO!$L$22*0.03,0))) -> 0 | P5: =CERTIFICADO!$L$22-IF(CERTIFICADO!$H$41="ASME I",IF(AND(CERTIFICADO!$L$22<=70,CERTIFICADO!$L$22>=15),2,IF(AND(CERTIFICADO!$L$22<=300,CERTIFICADO!$L$22>70),CERTIFICADO!$L$22*0.03,IF(AND(CERTIFICADO!$L$22<=1000,CERTIFICADO!$L$22>300),10,IF(CERTIFICADO!$L$22>1000,CERTIFICADO!$L$22*0.01)))),IF(AND(CERTIFICADO!$L$22<=70,CERTIFICADO!$L$22>=15),2,IF(CERTIFICADO!$L$22>70,CERTIFICADO!$L$22*0.03,0))) -> 0
F6: Hora de prueba | L6: 2 | M6: =D12 -> 0 | N6: ='CÁLCULO INCERTIDUMBRE'!C8 -> #DIV/0! | O6: =CERTIFICADO!$L$22+IF(CERTIFICADO!$H$41="ASME I",IF(AND(CERTIFICADO!$L$22<=70,CERTIFICADO!$L$22>=15),2,IF(AND(CERTIFICADO!$L$22<=300,CERTIFICADO!$L$22>70),CERTIFICADO!$L$22*0.03,IF(AND(CERTIFICADO!$L$22<=1000,CERTIFICADO!$L$22>300),10,IF(CERTIFICADO!$L$22>1000,CERTIFICADO!$L$22*0.01)))),IF(AND(CERTIFICADO!$L$22<=70,CERTIFICADO!$L$22>=15),2,IF(CERTIFICADO!$L$22>70,CERTIFICADO!$L$22*0.03,0))) -> 0 | P6: =CERTIFICADO!$L$22-IF(CERTIFICADO!$H$41="ASME I",IF(AND(CERTIFICADO!$L$22<=70,CERTIFICADO!$L$22>=15),2,IF(AND(CERTIFICADO!$L$22<=300,CERTIFICADO!$L$22>70),CERTIFICADO!$L$22*0.03,IF(AND(CERTIFICADO!$L$22<=1000,CERTIFICADO!$L$22>300),10,IF(CERTIFICADO!$L$22>1000,CERTIFICADO!$L$22*0.01)))),IF(AND(CERTIFICADO!$L$22<=70,CERTIFICADO!$L$22>=15),2,IF(CERTIFICADO!$L$22>70,CERTIFICADO!$L$22*0.03,0))) -> 0
F7: Operario | L7: 3 | M7: =D13 -> 0 | N7: ='CÁLCULO INCERTIDUMBRE'!C8 -> #DIV/0! | O7: =CERTIFICADO!$L$22+IF(CERTIFICADO!$H$41="ASME I",IF(AND(CERTIFICADO!$L$22<=70,CERTIFICADO!$L$22>=15),2,IF(AND(CERTIFICADO!$L$22<=300,CERTIFICADO!$L$22>70),CERTIFICADO!$L$22*0.03,IF(AND(CERTIFICADO!$L$22<=1000,CERTIFICADO!$L$22>300),10,IF(CERTIFICADO!$L$22>1000,CERTIFICADO!$L$22*0.01)))),IF(AND(CERTIFICADO!$L$22<=70,CERTIFICADO!$L$22>=15),2,IF(CERTIFICADO!$L$22>70,CERTIFICADO!$L$22*0.03,0))) -> 0 | P7: =CERTIFICADO!$L$22-IF(CERTIFICADO!$H$41="ASME I",IF(AND(CERTIFICADO!$L$22<=70,CERTIFICADO!$L$22>=15),2,IF(AND(CERTIFICADO!$L$22<=300,CERTIFICADO!$L$22>70),CERTIFICADO!$L$22*0.03,IF(AND(CERTIFICADO!$L$22<=1000,CERTIFICADO!$L$22>300),10,IF(CERTIFICADO!$L$22>1000,CERTIFICADO!$L$22*0.01)))),IF(AND(CERTIFICADO!$L$22<=70,CERTIFICADO!$L$22>=15),2,IF(CERTIFICADO!$L$22>70,CERTIFICADO!$L$22*0.03,0))) -> 0
L8: 4 | M8: - | N8: - | O8: =CERTIFICADO!$L$22+IF(CERTIFICADO!$H$41="ASME I",IF(AND(CERTIFICADO!$L$22<=70,CERTIFICADO!$L$22>=15),2,IF(AND(CERTIFICADO!$L$22<=300,CERTIFICADO!$L$22>70),CERTIFICADO!$L$22*0.03,IF(AND(CERTIFICADO!$L$22<=1000,CERTIFICADO!$L$22>300),10,IF(CERTIFICADO!$L$22>1000,CERTIFICADO!$L$22*0.01)))),IF(AND(CERTIFICADO!$L$22<=70,CERTIFICADO!$L$22>=15),2,IF(CERTIFICADO!$L$22>70,CERTIFICADO!$L$22*0.03,0))) -> 0 | P8: =CERTIFICADO!$L$22-IF(CERTIFICADO!$H$41="ASME I",IF(AND(CERTIFICADO!$L$22<=70,CERTIFICADO!$L$22>=15),2,IF(AND(CERTIFICADO!$L$22<=300,CERTIFICADO!$L$22>70),CERTIFICADO!$L$22*0.03,IF(AND(CERTIFICADO!$L$22<=1000,CERTIFICADO!$L$22>300),10,IF(CERTIFICADO!$L$22>1000,CERTIFICADO!$L$22*0.01)))),IF(AND(CERTIFICADO!$L$22<=70,CERTIFICADO!$L$22>=15),2,IF(CERTIFICADO!$L$22>70,CERTIFICADO!$L$22*0.03,0))) -> 0
B9: 1 | C9: Simmer (PSI) | D9: Simmer corregido (PSI) | G9: Longitudes del pie de rey (mm) | J9: Temperatura en cada dato (°C)
B10: Datos | C10: Presión de escape | D10: Presión de escape | G10: Datos | H10: Diametro externo (L1) | I10: Diametro interno (L2)
B11: 1 | C11: 0 | D11: =C11 -> 0 | G11: 1 | H11: 0 | I11: 0 | J11: 0
B12: 2 | C12: 0 | D12: =C12 -> 0 | G12: 2 | H12: 0 | I12: 0 | J12: 0 | Q12: NOTA: Insertar esta grafica en la hoja "CALIBRACIÓN PSV"
B13: 3 | C13: 0 | D13: =C13 -> 0 | G13: 3 | H13: 0 | I13: 0 | J13: 0
G14: 4 | H14: 0 | I14: 0 | J14: 0
B15: Variación medidas | G15: 5 | H15: 0 | I15: 0 | J15: 0
G16: 6 | H16: 0 | I16: 0 | J16: 0 | Q16: Tamaño alto = 5,7
B17: Promedio | C17: =AVERAGE(C11:C14) -> 0 | D17: =AVERAGE(D11:D13) -> 0
H18: Presiones transmisor
B19: Datos | C19: =COUNT(C11:C14) -> 3 | H19: Datos | I19: Lectura (psi)
H20: 1 | I20: 0
H21: 2 | I21: 0
H22: 3 | I22: 0
H24: Altura (m) | I24: 0

Sheet CÁLCULO INCERTIDUMBRE
B2: Presión de set | C2: =I14 -> 0 | D2: psi | F2: Transmisor usado | G2: =IF(CERTIFICADO!$R$31="TP-010",$M$3,IF(CERTIFICADO!$R$31="TP-002",$M$4,IF(CERTIFICADO!$R$31="TP-004",$M$5,IF(CERTIFICADO!$R$31="TP-008",$M$6,IF(CERTIFICADO!$R$31="TP-009",$M$7,"ERROR"))))) -> VST 2 - 3625 | M2: Trasmisores | N2: Celdas
B3: Presión de caldera | C3: =C24 -> 0 | D3: psi | F3: Celda de carga usada | G3: =IF(CERTIFICADO!$R$28="CEC-001",$N$3,IF(CERTIFICADO!$R$28="CEC-004",$N$4,IF(CERTIFICADO!$R$28="CEC-003",$N$5,IF(CERTIFICADO!$R$28="CEC-005",$N$6,IF(CERTIFICADO!$R$28="CEC-006",$N$7,IF(CERTIFICADO!$R$28="CEC-007",$N$8,"ERROR")))))) -> VST 2 - 1T | M3: VST 1 - 1000 | N3: VST 1 - 0,5T
B4: Área | C4: =C96 -> 0 | D4: In^2 | M4: VST 1 - 5000 | N4: VST 1 - 1T
B5: Fuerza a realizar | C5: =(C2-C3)*C4 -> 0 | D5: Lb-f | M5: VST 2 - 145 | N5: VST 1 - 2T
M6: VST 2 - 870 | N6: VST 2 - 1T
B7: Factor de cobertura (K) | C7: Incertidumbre expandida (U) | M7: VST 2 - 3625 | N7: VST 2 - 2T
B8: =TINV(1-0.9545,E12) -> #DIV/0! | C8: =C12*B8 -> #DIV/0! | H8: Incertidumbre por repetibilidad | N8: VST 2 - 5T
H9: Datos medidos
B10: Resumen incertidumbre ecuación 1 | H10: N° | I10: Pm (psi) | J10: Desviación
B11: Magnitud | C11: Incertidumbre | D11: Coeficientes de sensibilidad | E11: Grados de libertad | F11: 1 | H11: 1 | I11: ='DATOS INCERTIDUMBRE'!D11 -> 0 | J11: =STDEV(I11:I13) -> 0
B12: P_apertura (psi) | C12: =SQRT(SUMSQ(C13*D13,C14*D14,J13)) -> #DIV/0! | D12: - | E12: =(C12^4)/((((C13*D13)^4)/E13)+(((C14*D14)^4)/E14)+((J13^4)/2)) -> #DIV/0! | H12: 2 | I12: ='DATOS INCERTIDUMBRE'!D12 -> 0 | J12: Incertidumbre
B13: P_indicada (psi) | C13: =B48 -> #DIV/0! | D13: =D48 -> 1 | E13: =C48 -> #DIV/0! | H13: 3 | I13: ='DATOS INCERTIDUMBRE'!D13 -> 0 | J13: =J11/SQRT(3) -> 0
B14: P_generada (psi) | C14: =C92 -> #DIV/0! | D14: =E92 -> 1 | E14: =D92 -> #DIV/0! | H14: Promedio | I14: =AVERAGE(I11:I13) -> 0
B16: Datos medidos | K16: Condiciones ambientales
B17: N | C17: Pt (psi) | D17: L1 (mm) | E17: L1 (m) | F17: L2 (mm) | G17: L2 (m) | H17: Tm (°C) | I17: To (°C) | K17: Humedad (%HR) | L17: ='DATOS INCERTIDUMBRE'!E5 -> 0
B18: 1 | C18: ='DATOS INCERTIDUMBRE'!I20 -> 0 | D18: ='DATOS INCERTIDUMBRE'!H11 -> 0 | E18: =D18/1000 -> 0 | F18: ='DATOS INCERTIDUMBRE'!I11 -> 0 | G18: =F18/1000 -> 0 | H18: ='DATOS INCERTIDUMBRE'!J11 -> 0 | I18: 20 | K18: Temperatura (°C) | L18: ='DATOS INCERTIDUMBRE'!E3 -> 0
B19: 2 | C19: ='DATOS INCERTIDUMBRE'!I21 -> 0 | D19: ='DATOS INCERTIDUMBRE'!H12 -> 0 | E19: =D19/1000 -> 0 | F19: ='DATOS INCERTIDUMBRE'!I12 -> 0 | G19: =F19/1000 -> 0 | H19: ='DATOS INCERTIDUMBRE'!J12 -> 0 | I19: 20 | K19: Presión atmosferica (hPa) | L19: ='DATOS INCERTIDUMBRE'!E4 -> 0
B20: 3 | C20: ='DATOS INCERTIDUMBRE'!I22 -> 0 | D20: ='DATOS INCERTIDUMBRE'!H13 -> 0 | E20: =D20/1000 -> 0 | F20: ='DATOS INCERTIDUMBRE'!I13 -> 0 | G20: =F20/1000 -> 0 | H20: ='DATOS INCERTIDUMBRE'!J13 -> 0 | I20: 20
B21: 4 | D21: ='DATOS INCERTIDUMBRE'!H14 -> 0 | E21: =D21/1000 -> 0 | F21: ='DATOS INCERTIDUMBRE'!I14 -> 0 | G21: =F21/1000 -> 0 | H21: ='DATOS INCERTIDUMBRE'!J14 -> 0 | I21: 20 | K21: Condiciones del vapor
B22: 5 | D22: ='DATOS INCERTIDUMBRE'!H15 -> 0 | E22: =D22/1000 -> 0 | F22: ='DATOS INCERTIDUMBRE'!I15 -> 0 | G22: =F22/1000 -> 0 | H22: ='DATOS INCERTIDUMBRE'!J15 -> 0 | I22: 20 | K22: Presión (psi) | L22: ='DATOS INCERTIDUMBRE'!I3 -> 0
B23: 6 | D23: ='DATOS INCERTIDUMBRE'!H16 -> 0 | E23: =D23/1000 -> 0 | F23: ='DATOS INCERTIDUMBRE'!I16 -> 0 | G23: =F23/1000 -> 0 | H23: ='DATOS INCERTIDUMBRE'!J16 -> 0 | I23: 20 | K23: Temperatura (°C) | L23: ='DATOS INCERTIDUMBRE'!I4 -> 0
B24: Promedio | C24: =AVERAGE(C18:C20) -> 0 | D24: =AVERAGE(D18:D23) -> 0 | E24: =AVERAGE(E18:E23) -> 0 | F24: =AVERAGE(F18:F23) -> 0 | G24: =AVERAGE(G18:G23) -> 0 | H24: =AVERAGE(H18:H23) -> 0 | I24: =AVERAGE(I18:I23) -> 20 | K24: Volumen especifico | L24: ='DATOS INCERTIDUMBRE'!I5 -> 0
B26: Datos ecuación 2 | D26: Resolución (psi) | E26: Deriva (psi) | F26: Suma de residuos - Interpolación | G26: Certificado (psi) | H26: Factor de cobertura
B27: Transmisor de presión VST1 - 1000 psi | D27: 0.01 | E27: 0.72 | F27: 0.29280805 | G27: 0.72 | H27: 2
B28: Transmisor de presión VST1 - 5000 psi | D28: 0.01 | E28: 1.4 | F28: 0.96784642 | G28: 1.4 | H28: 2
B29: Transmisor de presión VST2 - 145 psi | D29: 0.01 | E29: 0.05 | F29: 0.014776135 | G29: 0.048 | H29: 2
B30: Transmisor de presión VST2 - 870 psi | D30: 0.01 | E30: 0.1 | F30: 0.040148459 | G30: 0.07 | H30: 2
B31: Transmisor de presión VST2 - 3625 psi | D31: 0.01 | E31: 0.81 | F31: 0.52098775 | G31: 0.81 | H31: 2
B33: Magnitud | D33: u resolución (psi) | E33: u deriva (psi) | F33: u Interpolación (psi) | G33: u certificado (psi) | H33: u combinada (psi)
B34: Transmisor de presión VST1 - 1000 psi | D34: =D27/SQRT(12) -> 0.0028867513 | E34: =E27/SQRT(3) -> 0.41569219 | F34: =F27 -> 0.29280805 | G34: =G27/H27 -> 0.36 | H34: =SQRT(SUMSQ(D34:G34)) -> 0.62301275
B35: Transmisor de presión VST1 - 5000 psi | D35: =D28/SQRT(12) -> 0.0028867513 | E35: =E28/SQRT(3) -> 0.80829038 | F35: =F28 -> 0.96784642 | G35: =G28/H28 -> 0.7 | H35: =SQRT(SUMSQ(D35:G35)) -> 1.4422442
B36: Transmisor de presión VST2 - 145 psi | D36: =D29/SQRT(12) -> 0.0028867513 | E36: =E29/SQRT(3) -> 0.028867513 | F36: =F29 -> 0.014776135 | G36: =G29/H29 -> 0.024 | H36: =SQRT(SUMSQ(D36:G36)) -> 0.040447507
B37: Transmisor de presión VST2 - 870 psi | D37: =D30/SQRT(12) -> 0.0028867513 | E37: =E30/SQRT(3) -> 0.057735027 | F37: =F30 -> 0.040148459 | G37: =G30/H30 -> 0.035 | H37: =SQRT(SUMSQ(D37:G37)) -> 0.078603851
B38: Transmisor de presión VST2 - 3625 psi | D38: =D31/SQRT(12) -> 0.0028867513 | E38: =E31/SQRT(3) -> 0.46765372 | F38: =F31 -> 0.52098775 | G38: =G31/H31 -> 0.405 | H38: =SQRT(SUMSQ(D38:G38)) -> 0.80880256
B40: Magnitud | D40: u_Presión transmisor (Pt) (psi) | E40: Grados de libertad | F40: Coeficiente de sensibilidad
B41: Transmisor de presión VST1 - 1000 psi | D41: =H34 -> 0.62301275 | E41: =+(D41^4)/(((D34^4)/200)+((E34^4)/50)+((F34^4)/12)+((G34^4)/200)) -> 116.45027 | F41: 1
B42: Transmisor de presión VST1 - 5000 psi | D42: =H35 -> 1.4422442 | E42: =+(D42^4)/(((D35^4)/200)+((E35^4)/50)+((F35^4)/11)+((G35^4)/200)) -> 48.339495 | F42: 1
B43: Transmisor de presión VST2 - 145 psi | D43: =H36 -> 0.040447507 | E43: =+(D43^4)/(((D36^4)/200)+((E36^4)/50)+((F36^4)/9)+((G36^4)/200)) -> 128.40151 | F43: 1
B44: Transmisor de presión VST2 - 870 psi | D44: =H37 -> 0.078603851 | E44: =+(D44^4)/(((D37^4)/200)+((E37^4)/50)+((F37^4)/10)+((G37^4)/200)) -> 77.97951 | F44: 1
B45: Transmisor de presión VST2 - 3625 psi | D45: =H38 -> 0.80880256 | E45: =+(D45^4)/(((D38^4)/200)+((E38^4)/50)+((F38^4)/11)+((G38^4)/200)) -> 54.942173 | F45: 1
B47: u_Presión indicada (psi) | C47: Grados de libertad | D47: Coeficiente de sensibilidad
B48: =SQRT(SUMSQ(IF(G2="VST 1 - 1000",$D$41*$F$41,IF(G2="VST 1 - 5000",$D$42*$F$42,IF(G2="VST 2 - 145",$D$43*$F$43,IF(G2="VST 2 - 870",$D$44*$F$44,IF(G2="VST 2 - 3625",$D$45*$F$45,"ERROR"))))),$C$66*$E$66)) -> #DIV/0! | C48: =+($B$48^4)/(IF(G2="VST 1 - 1000",((($D$41*$F$41)^4)/$E$41),IF(G2="VST 1 - 5000",((($D$42*$F$42)^4)/$E$42),IF(G2="VST 2 - 145",((($D$43*$F$43)^4)/$E$43),IF(G2="VST 2 - 870",((($D$44*$F$44)^4)/$E$44),IF(G2="VST 2 - 3625",((($D$45*$F$45)^4)/$E$45),"ERROR")))))+((($C$66*$E$66)^4)/$D$66)) -> #DIV/0! | D48: 1
B50: Datos ecuación 2.A | D50: Resolución (m) | E50: Deriva (m) | F50: Suma de residuos - Interpolación (m) | G50: Certificado (m) | H50: Factor de cobertura (k) | K50: Datos ecuación 2.A | M50: Resolución (m) | N50: Deriva (m) | O50: Suma de residuos - Interpolación (m) | P50: Certificado (m) | Q50: Factor de cobertura (k)
B51: Flexómetro | D51: =1/1000 -> 0.001 | E51: =0.42/1000 -> 0.00042 | F51: =0.0367581286850754/1000 -> 3.6758129e-05 | G51: =0.42/1000 -> 0.00042 | H51: 2.01 | K51: Termohigrometro (Presión) | M51: 0.1 | N51: 0.091 | O51: 2.59 | P51: 0.091 | Q51: 2
K52: Termohigrometro (Humedad) | M52: 0.1 | N52: 2.9 | O52: 3.32 | P52: 2.9 | Q52: 2
B53: Magnitud | C53: Valor | K53: Termohigrometro (Temperatura) | M53: 0.1 | N53: 0.46 | O53: 0.76 | P53: 0.46 | Q53: 2
B54: Densidad vapor (kg/m3) | C54: =1/L24 -> #DIV/0!
B55: Densidad aire (kg/m3) | C55: =((0.34848*L19)-(0.009*L17)*EXP(0.061*L18))/(273.15+L18) -> 0 | K55: Magnitud | L55: u resolución | M55: u deriva | N55: u Interpolación | O55: u certificado | P55: u combinada | Q55: Coeficientes de sensibilidad | R55: Grados de libertad
B56: Gravedad (m/s^2) | C56: 9.77 | K56: Presión (hPa) | L56: =M51/SQRT(12) -> 0.028867513 | M56: =N51/SQRT(3) -> 0.052538874 | N56: =O51 -> 2.59 | O56: =P51/Q51 -> 0.0455 | P56: =SQRT(SUMSQ(L56:O56)) -> 2.5910932 | Q56: =0.34848/(273.15+L18) -> 0.0012757825 | R56: =+(P56^4)/(((L56^4)/200)+((M56^4)/50)+((N56^4)/200)+((O56^4)/200)) -> 200.33772
B57: Altura (m) | C57: ='DATOS INCERTIDUMBRE'!I24 -> 0 | K57: Humedad (%hr) | L57: =M52/SQRT(12) -> 0.028867513 | M57: =N52/SQRT(3) -> 1.6743158 | N57: =O52 -> 3.32 | O57: =P52/Q52 -> 1.45 | P57: =SQRT(SUMSQ(L57:O57)) -> 3.9911235 | Q57: =(-0.009*EXP(0.061*L18))/(273.15+L18) -> -3.2948929e-05 | R57: =+(P57^4)/(((L57^4)/200)+((M57^4)/50)+((N57^4)/200)+((O57^4)/200)) -> 322.51357
K58: Temperatura (°C) | L58: =M53/SQRT(12) -> 0.028867513 | M58: =N53/SQRT(3) -> 0.26558112 | N58: =O53 -> 0.76 | O58: =P53/Q53 -> 0.23 | P58: =SQRT(SUMSQ(L58:O58)) -> 0.83777483 | Q58: =(-0.000549*L17*EXP(0.061*L18)*(273.15+L18))-((0.34848*L19)-0.009*L17*EXP(0.061*L18))/((273.15+L18)^2) -> 0 | R58: =+(P58^4)/(((L58^4)/200)+((M58^4)/50)+((N58^4)/200)+(O58^4)/200) -> 276.50196
B59: Magnitud | C59: u resolución | D59: u deriva | E59: u Interpolación | F59: U certificado | G59: u combinada | H59: Coeficientes de sensibilidad | I59: Grados de libertad
B60: Densidad vapor (kg/m3) | C60: - | D60: - | E60: - | F60: - | G60: =C54*0.1/SQRT(12) -> #DIV/0! | H60: =C56*C57 -> 0 | I60: =+(G60^4)/((G60^4)/200) -> #DIV/0! | K60: u_Densidad aire | L60: Grados de libertad
B61: Densidad aire (kg/m3) | C61: - | D61: - | E61: - | F61: - | G61: =K61 -> 0.0033082861 | H61: =C56*C57 -> 0 | I61: =L61 -> 200.97199 | K61: =SQRT(SUMSQ(P56*Q56,P57*Q57,P58*Q58)) -> 0.0033082861 | L61: =+(K61^4)/((((P56*Q56)^4)/R56)+(((P57*Q57)^4)/R57)+(((P58*Q58)^4)/R58)) -> 200.97199
B62: Gravedad (m/s^2) | C62: - | D62: - | E62: - | F62: - | G62: =C56*0.1/SQRT(12) -> 0.28203561 | H62: =(C54-C55)*C57 -> #DIV/0! | I62: =+(G62^4)/((G62^4)/200) -> 200
B63: Altura (m) | C63: =D51/SQRT(12) -> 0.00028867513 | D63: =E51/SQRT(3) -> 0.00024248711 | E63: =F51 -> 3.6758129e-05 | F63: =G51/H51 -> 0.00020895522 | G63: =SQRT(SUMSQ(C63:F63)) -> 0.00043260465 | H63: =(C54-C55)*C56 -> #DIV/0! | I63: =+(G63^4)/(((C63^4)/200)+((D63^4)/50)+((E63^4)/10)+((F63^4)/200)) -> 308.34832
B65: u_k (Pa) | C65: u_k (psi) | D65: Grados de libertad | E65: Coeficiente de sensibilidad
B66: =SQRT(SUMSQ(G60*H60,G61*H61,G62*H62,G63*H63)) -> #DIV/0! | C66: =B66/6894.757 -> #DIV/0! | D66: =(B66^4)/((((G60*H60)^4)/I60)+(((G61*H61)^4)/I61)+(((G62*H62)^4)/I62)+(((G63*H63)^4)/I63)) -> #DIV/0! | E66: 1
B68: Datos ecuación 3 | D68: Resolución (kN) | E68: Deriva (kN) | F68: Interpolación (kN) | G68: Certificado (kN) | H68: Factor de cobertura
B69: Celda de carga VST 1 - 0,5T | D69: 0.0004 | E69: =G69 -> 0 | F69: 0.0012049952 | G69: =(0.13/100)*$D$86 -> 0 | H69: 2
B70: Celda de carga VST 1- 1T | D70: 0.001 | E70: =G70 -> 0 | F70: 0.0073385148 | G70: =(0.07/100)*$D$86 -> 0 | H70: 2
B71: Celda de carga VST 1- 2T | D71: 0.001 | E71: =G71 -> 0 | F71: 0.023402928 | G71: =(0.07/100)*$D$86 -> 0 | H71: 2
B72: Celda de carga VST 2- 1T | D72: 0.001 | E72: =G72 -> 0 | F72: 0.024671976 | G72: =(0.07/100)*$D$86 -> 0 | H72: 2
B73: Celda de carga VST 2- 2T | D73: 0.001 | E73: =G73 -> 0 | F73: 0.022312512 | G73: =(0.07/100)*$D$86 -> 0 | H73: 2
B74: Celda de carga VST 2- 5T | D74: 0.004 | E74: =G74 -> 0 | F74: 0.021939656 | G74: =(0.08/100)*$D$86 -> 0 | H74: 2
B76: Datos ecuación 3
B77: Magnitud | D77: u resolución (kN) | E77: u deriva (kN) | F77: u Interpolación (kN) | G77: u certificado (kN) | H77: u combinada (kN) | I77: Grados de libertad
B78: Celda de carga VST 1 - 0,5T | D78: =D69/SQRT(12) -> 0.00011547005 | E78: =E69/SQRT(3) -> 0 | F78: =F69 -> 0.0012049952 | G78: =G69/H69 -> 0 | H78: =SQRT(SUMSQ(D78:G78)) -> 0.0012105151 | I78: =(H78^4)/(((D78^4)/200)+((E78^4)/50)+((F78^4)/11)+((G78^4)/200)) -> 11.202894
B79: Celda de carga VST 1 - 1T | D79: =D70/SQRT(12) -> 0.00028867513 | E79: =E70/SQRT(3) -> 0 | F79: =F70 -> 0.0073385148 | G79: =G70/H70 -> 0 | H79: =SQRT(SUMSQ(D79:G79)) -> 0.0073441904 | I79: =(H79^4)/(((D79^4)/200)+((E79^4)/50)+((F79^4)/9)+((G79^4)/200)) -> 9.0278738
B80: Celda de carga VST 1 - 2T | D80: =D71/SQRT(12) -> 0.00028867513 | E80: =E71/SQRT(3) -> 0 | F80: =F71 -> 0.023402928 | G80: =G71/H71 -> 0 | H80: =SQRT(SUMSQ(D80:G80)) -> 0.023404708 | I80: =(H80^4)/(((D80^4)/200)+((E80^4)/50)+((F80^4)/8)+((G80^4)/200)) -> 8.0024346
B81: Celda de carga VST 2 - 1T | D81: =D72/SQRT(12) -> 0.00028867513 | E81: =E72/SQRT(3) -> 0 | F81: =F72 -> 0.024671976 | G81: =G72/H72 -> 0 | H81: =SQRT(SUMSQ(D81:G81)) -> 0.024673665 | I81: =(H81^4)/(((D81^4)/200)+((E81^4)/50)+((F81^4)/9)+((G81^4)/200)) -> 9.0024644
B82: Celda de carga VST 2 - 2T | D82: =D73/SQRT(12) -> 0.00028867513 | E82: =E73/SQRT(3) -> 0 | F82: =F73 -> 0.022312512 | G82: =G73/H73 -> 0 | H82: =SQRT(SUMSQ(D82:G82)) -> 0.022314379 | I82: =(H82^4)/(((D82^4)/200)+((E82^4)/50)+((F82^4)/9)+((G82^4)/200)) -> 9.0030132
B83: Celda de carga VST 2 - 5T | D83: =D74/SQRT(12) -> 0.0011547005 | E83: =E74/SQRT(3) -> 0 | F83: =F74 -> 0.021939656 | G83: =G74/H74 -> 0 | H83: =SQRT(SUMSQ(D83:G83)) -> 0.021970022 | I83: =(H83^4)/(((D83^4)/200)+((E83^4)/50)+((F83^4)/9)+((G83^4)/200)) -> 9.0499259
B85: Presión generada (Pg) (psi) | C85: Fuerza (Lb-f) | D85: Fuerza (kN)
B86: =C86/C96 -> #DIV/0! | C86: =C5 -> 0 | D86: =+C86*(4.448222/1000) -> 0
B88: u_Fuerza (kN) | C88: u_Fuerza (lb-f) | D88: Grados de libertad | E88: Coeficiente de sensibilidad
B89: =IF(G3="VST 1 - 0,5T",$H$78,IF(G3="VST 1 - 1T",$H$79,IF(G3="VST 1 - 2T",$H$80,IF(G3="VST 2 - 1T",$H$81,IF(G3="VST 2 - 2T",$H$82,IF(G3="VST 2 - 5T",$H$83,"ERROR")))))) -> 0.024673665 | C89: =B89/(4.448222/1000) -> 5.5468601 | D89: =IF(G3="VST 1 - 0,5T",$I$78,IF(G3="VST 1 - 1T",$I$79,IF(G3="VST 1 - 2T",$I$80,IF(G3="VST 2 - 1T",$I$81,IF(G3="VST 2 - 2T",$I$82,IF(G3="VST 2 - 5T",$I$83,"ERROR")))))) -> 9.0024644 | E89: =1/B96 -> #DIV/0!
B91: u_Presión generada (kPa) | C91: U_Presión generada (psi) | D91: Grados de libertad | E91: Coeficiente de sensibilidad
B92: =SQRT(SUMSQ(B89*E89,D96*F96)) -> #DIV/0! | C92: =B92/6.894757 -> #DIV/0! | D92: =(B92^4)/((((B89*E89)^4)/D89)+(((D96*F96)^4)/E96)) -> #DIV/0! | E92: 1
B94: Datos e incertidumbre ecuación 4
B95: Área (m^2) | C95: Área (in^2) | D95: u_Área (m^2) | E95: Grados de libertad | F95: Coeficiente de sensibilidad
B96: =(PI()*(B110^2))/4 -> 0 | C96: =CONVERT(B96,"m^2","in^2") -> 0 | D96: =SQRT((C110*E110)^2) -> 0 | E96: =(D96^4)/(((C110*E110)^4/D110)) -> #DIV/0! | F96: =-D86/(B96^2) -> #DIV/0!
B98: Datos ecuación 5 | D98: Resolución | E98: Deriva | F98: Suma de residuos - Interpolación | G98: Lectura | H98: Certificado | I98: Factor de cobertura (k)
B99: Longitud 1 | D99: 0.01 | E99: 0.011 | F99: 0.02 | G99: =STDEV(D18:D23) -> 0 | H99: 0.011 | I99: 2
B100: Longitud 2 | D100: 0.01 | E100: 0.011 | F100: 0.02 | G100: =STDEV(F18:F23) -> 0 | H100: 0.011 | I100: 2
B101: Temperatura (°C) | D101: 0.1 | E101: 0.46 | F101: 0.76 | G101: =STDEV(H18:H23) -> 0 | H101: 0.46 | I101: 2
B103: Incertidumbre ecuación 5 | D103: u resolución | E103: u deriva | F103: u interpolación | G103: u lectura | H103: u certificado | I103: u Total (mm) | J103: u combinada (m) | K103: Coeficientes de sensibilidad | L103: Grados de libertad | O103: Temperatura | P103: µm/m.K | Q103: m/m.K | R103: µ-inch/inch.°F
B104: Longitud 1 | D104: =D99/SQRT(12) -> 0.0028867513 | E104: =E99/SQRT(3) -> 0.006350853 | F104: =F99 -> 0.02 | G104: =G99/SQRT(COUNT($B$18:$B$23)) -> 0 | H104: =H99/I99 -> 0.0055 | I104: =SQRT(SUMSQ(D104:H104)) -> 0.021884165 | J104: =I104/1000 -> 2.1884165e-05 | K104: =(1+($P$112*($H$24-$I$24)))/2 -> 0.499864 | L104: =(I104^4)/(((D104^4)/200)+((E104^4)/50)+((F104^4)/200)+((G104^4)/5)+((H104^4)/200)) -> 273.87779 | O104: 100°C (212°F) | P104: 11.35 | Q104: =+P104/1000000 -> 1.135e-05 | R104: 6.31
B105: Longitud 2 | D105: =D100/SQRT(12) -> 0.0028867513 | E105: =E100/SQRT(3) -> 0.006350853 | F105: =F100 -> 0.02 | G105: =G100/SQRT(COUNT($B$18:$B$23)) -> 0 | H105: =H100/I100 -> 0.0055 | I105: =SQRT(SUMSQ(D105:H105)) -> 0.021884165 | J105: =I105/1000 -> 2.1884165e-05 | K105: =(1+($P$112*($H$24-$I$24)))/2 -> 0.499864 | L105: =(I105^4)/(((D105^4)/200)+((E105^4)/50)+((F105^4)/200)+((G105^4)/5)+((H105^4)/200)) -> 273.87779 | O105: 200°C (392°F) | P105: 12.95 | Q105: =+P105/1000000 -> 1.295e-05 | R105: 7.2
B106: Coeficiente (m/m.K) | D106: - | E106: - | F106: - | G106: - | H106: - | I106: - | J106: =(Q110-Q104)/SQRT(12) -> 9.670617e-07 | K106: =((E24+G24)/2)*(H24-I24) -> 0 | L106: 200 | O106: 300°C (572°F) | P106: 13.6 | Q106: =+P106/1000000 -> 1.36e-05 | R106: 7.56
B107: Temperatura (°C) | D107: =D101/SQRT(12) -> 0.028867513 | E107: =E101/SQRT(3) -> 0.26558112 | F107: =F101 -> 0.76 | G107: =G101/SQRT(COUNT($B$18:$B$23)) -> 0 | H107: =H101/I101 -> 0.23 | I107: - | J107: =SQRT(SUMSQ(D107:H107)) -> 0.83777483 | K107: =((E24+G24)/2)*$P$112 -> 0 | L107: =(J107^4)/(((D107^4)/200)+((E107^4)/50)+((F107^4)/200)+((G107^4)/5)+((H107^4)/200)) -> 276.50196 | O107: 400°C (752°F) | P107: 13.9 | Q107: =+P107/1000000 -> 1.39e-05 | R107: 7.72
O108: 500°C (932°F) | P108: 14.2 | Q108: =+P108/1000000 -> 1.42e-05 | R108: 7.89
B109: Diametro (m) | C109: u_ Diámetro (m) | D109: Grados de libertad | E109: Coeficientes de sensibilidad | O109: 600°C (1112°F) | P109: 14.5 | Q109: =+P109/1000000 -> 1.45e-05 | R109: 8.06
B110: =((E24+G24)/2)*(1+(P112*(H24-I24))) -> 0 | C110: =SQRT(SUMSQ(J104*K104,J105*K105,J106*K106,J107*K107)) -> 1.5470232e-05 | D110: =(C110^4)/((((J104*K104)^4)/L104)+(((J105*K105)^4)/L105)+(((J106*K106)^4)/L106)+(((J107*K107)^4)/L107)) -> 547.75559 | E110: =(PI()*B110)/2 -> 0 | O110: 700°C (1292°F) | P110: 14.7 | Q110: =+P110/1000000 -> 1.47e-05 | R110: 8.17
O112: Promedio (100 -700) | P112: =AVERAGE(Q104:Q110) -> 1.36e-05

Sheet CONTROL DE CAMBIOS
C1: CERTIFICADO DE CALIBRACIÓN VÁLVULAS DE SEGURIDAD REPORTES VST
C3: CÓDIGO | D3: OHSQ-FO-44 | E3: VERSIÓN | F3: 08 | G3: FECHA | H3: 46008
A5: CONTROL DE CAMBIOS
A7: FECHA | B7: VERSIÓN | C7: DESCRIPCIÓN | G7: AUTOR
A8: 45364 | B8: 01 | C8: Creación del documento | G8: Andres Felipe Ovalle Ortiz Asesor Comercial
A9: 45454 | B9: 02 | C9: Modificiacion estructura y formulas | G9: Camilo Andres Fajardo Hoyos Asesor Comercial
A10: 45457 | B10: 03 | C10: Modificación estructura y formulas | G10: Julian Camilo Romero huertas Asesor Comercial
A11: 45803 | B11: 04 | C11: Se modifica totalmente el formato para poder cumplir con la norma, adicionalmente se añaden todas las contribuciones de incertidumbre | G11: Andres Felipe Ovalle Ortiz Asesor Comercial
A12: 45856 | B12: 05 | C12: Se añade la celda de 0,5T al formato, además de actualizar nuevamente la incertidumbre con las últimas calibraciones. | G12: Andres Felipe Ovalle Ortiz Asesor Comercial
A13: 45895 | B13: 06 | C13: Actualización del documento, se complementa el método utilizado, se complementa el lugar de prueba, ajuste de redacción de la especificación y se modifica la redacción de los participantes de la calibración | G13: Andres Felipe Ovalle Ortiz Asesor Comercial
A14: 45917 | B14: 07 | C14: Actualización del documento con cambios de forma e incluyendo los descargos de responsabilidad | G14: Andres Felipe Ovalle Ortiz Asesor Comercial
A15: 46008 | B15: 09 | C15: Se actualiza el logo, para cambiarlo junto con el simbolo de acreditado ONAC | G15: Andres Felipe Ovalle Ortiz Líder de laboratorio
A21: CONTROL DE REVISIONES
A22: ELABORADO POR | C22: REVISADO POR | E22: APROBADO POR
A24: Nombre: | B24: Andres Felipe Ovalle Ortiz | C24: Nombre: | D24: Camilo Andres Fajardo Hoyos | E24: Nombre: | F24: Carlos Alberto Suarez Franco
A25: Cargo: | B25: Líder de laboratorio | C25: Cargo: | D25: Director Comercial | E25: Cargo: | F25: Gerente General
A26: Fecha: | B26: 46008 | C26: Fecha: | D26: 46008 | E26: Fecha: | F26: 46008
